{"cameraMode":{"drawMode":0,"name":"Shaded","section":"Shading Mode"},"sceneLighting":false,"audioPlay":false,"sceneViewState":{"showFog":true,"showMaterialUpdate":false,"showSkybox":true,"showFlares":true,"showImageEffects":true,"showParticleSystems":true},"in2DMode":false,"pivot":{"x":-0.8065185546875,"y":0.026133060455322267,"z":0.9018187522888184},"rotation":{"x":-0.10051973164081574,"y":0.8727141618728638,"z":-0.2027849704027176,"w":-0.4326016306877136},"size":10.0,"orthographic":false}